"","TCGA-DX-A6YT-01A-21D-A357-05","TCGA-X6-A8C4-01A-11D-A36K-05","TCGA-DX-A6BF-01A-11D-A308-05","TCGA-KF-A41W-01A-11D-A24W-05","TCGA-QQ-A8VF-01A-11D-A37D-05","TCGA-QC-A7B5-01A-11D-A33F-05","TCGA-3B-A9HJ-01A-11D-A388-05","TCGA-IS-A3K8-01A-11D-A21R-05","TCGA-3B-A9HP-01A-11D-A388-05","TCGA-DX-AB32-01A-11D-A418-05","TCGA-DX-A6B7-01A-11D-A308-05","TCGA-DX-A1KW-01A-22D-A24W-05","TCGA-DX-A6YR-01A-33D-A357-05","TCGA-DX-A6BK-01A-11D-A308-05","TCGA-SG-A849-01A-11D-A357-05","TCGA-DX-A48L-01A-11D-A308-05","TCGA-HS-A5N9-01A-11D-A26S-05","TCGA-3B-A9I3-01A-11D-A39H-05","TCGA-DX-A8BX-01A-11D-A37D-05","TCGA-DX-AB3A-01A-11D-A418-05","TCGA-DX-A8BS-01A-11D-A37D-05","TCGA-DX-A48O-01A-11D-A308-05","TCGA-DX-A6Z2-01A-12D-A36K-05","TCGA-DX-A23R-01A-11D-A26S-05","TCGA-Z4-AAPG-01A-11D-A39H-05","TCGA-IF-A3RQ-01A-11D-A22B-05","TCGA-JV-A5VE-01A-11D-A29O-05","TCGA-DX-A3LY-01B-11D-A27Y-05","TCGA-DX-A3U9-01A-11D-A308-05","TCGA-WP-A9GB-01A-11D-A37D-05","TCGA-DX-A7EN-01A-11D-A39H-05","TCGA-DX-A3UA-01A-12D-A308-05","TCGA-DX-A6BB-01A-12D-A32T-05","TCGA-SI-A71P-01A-12D-A33F-05","TCGA-3B-A9I0-01A-11D-A39H-05","TCGA-DX-A240-01A-32D-A27Y-05","TCGA-K1-A3PN-01A-11D-A22B-05","TCGA-UE-A6QT-01A-12D-A32T-05","TCGA-DX-A3UB-01A-11D-A308-05","TCGA-Z4-A8JB-01A-23D-A37D-05","TCGA-HS-A5N7-01A-21D-A26S-05","TCGA-DX-A8BK-01A-11D-A37D-05","TCGA-DX-AB2F-01A-11D-A388-05","TCGA-HB-A3L4-01A-11D-A21R-05","TCGA-3B-A9HQ-01A-11D-A388-05","TCGA-DX-A3M1-01A-11D-A22B-05","TCGA-MB-A5Y8-01A-11D-A29O-05","TCGA-DX-A3LS-01A-11D-A21R-05","TCGA-DX-AB2H-01A-11D-A39H-05","TCGA-SI-A71O-01A-12D-A33F-05","TCGA-DX-A6YQ-01A-12D-A33F-05","TCGA-DX-A7EQ-01A-11D-A388-05","TCGA-VT-AB3D-01A-12D-A418-05","TCGA-IE-A4EH-01A-11D-A24W-05","TCGA-DX-A7ET-01A-11D-A36K-05","TCGA-3B-A9HS-01A-11D-A39H-05","TCGA-PC-A5DN-01A-12D-A27Y-05","TCGA-DX-A2J0-01A-11D-A21R-05","TCGA-DX-A1L1-01A-11D-A24W-05","TCGA-DX-A8BL-01A-11D-A418-05","TCGA-IS-A3K7-01A-11D-A21R-05","TCGA-DX-AB2S-01A-11D-A39H-05","TCGA-WK-A8Y0-01A-11D-A418-05","TCGA-DX-A3LU-01A-11D-A21R-05","TCGA-MB-A5YA-01A-11D-A29O-05","TCGA-MB-A5Y9-01A-11D-A29O-05","TCGA-DX-A6BG-01A-11D-A308-05","TCGA-K1-A42X-02A-11D-A24W-05","TCGA-DX-A8BJ-01A-11D-A418-05","TCGA-X9-A973-01A-11D-A388-05","TCGA-FX-A3TO-01A-11D-A22B-05","TCGA-JV-A75J-01A-11D-A32T-05","TCGA-IF-A4AJ-01A-11D-A24W-05","TCGA-DX-A1L3-01A-11D-A24W-05","TCGA-HS-A5NA-01A-11D-A26S-05","TCGA-DX-A6B8-01A-11D-A308-05","TCGA-HS-A5N8-01A-11D-A26S-05","TCGA-MJ-A68H-01A-11D-A308-05","TCGA-QQ-A5V2-01A-11D-A32T-05","TCGA-DX-A48K-01A-11D-A308-05","TCGA-DX-A6YU-01A-12D-A33F-05","TCGA-DX-A7EL-01A-12D-A36K-05","TCGA-DX-A3UE-01A-11D-A308-05","TCGA-IE-A4EI-01A-11D-A24W-05","TCGA-UE-A6QU-01A-12D-A32T-05","TCGA-DX-AB2Q-01A-11D-A39H-05","TCGA-3B-A9HV-01A-11D-A39H-05","TCGA-HB-A43Z-01A-11D-A24W-05","TCGA-3B-A9HX-01A-11D-A39H-05","TCGA-DX-A23U-01A-11D-A26S-05","TCGA-3B-A9HR-01A-11D-A388-05","TCGA-DX-A6YZ-01A-12D-A357-05","TCGA-KD-A5QS-01A-11D-A27Y-05","TCGA-FX-A3NK-01A-11D-A21R-05","TCGA-FX-A2QS-01A-11D-A21R-05","TCGA-DX-A7ES-01A-31D-A39H-05","TCGA-PC-A5DP-01A-11D-A26S-05","TCGA-FX-A3RE-01A-11D-A22B-05","TCGA-DX-A48P-01A-11D-A308-05","TCGA-K1-A3PN-02A-11D-A22B-05","TCGA-DX-A8BH-01A-11D-A37D-05","TCGA-DX-A1KY-01A-11D-A24W-05","TCGA-3B-A9HI-01A-11D-A388-05","TCGA-DX-A7EO-01A-11D-A36K-05","TCGA-DX-A2IZ-01A-11D-A21R-05","TCGA-WK-A8XX-01A-11D-A37D-05","TCGA-DX-A3UF-01A-11D-A308-05","TCGA-MB-A8JL-01A-11D-A36K-05","TCGA-DX-A7EM-01A-11D-A36K-05","TCGA-WK-A8XY-01A-11D-A37D-05","TCGA-DX-A3LW-01A-21D-A21R-05","TCGA-X6-A7WC-01A-12D-A357-05","TCGA-DX-A6BE-01A-41D-A32T-05","TCGA-DX-A23Z-01A-11D-A27Y-05","TCGA-X6-A7WB-01A-11D-A357-05","TCGA-DX-AB36-01A-11D-A418-05","TCGA-VT-A80J-02A-11D-A418-05","TCGA-DX-AB2Z-01A-11D-A388-05","TCGA-DX-AB2W-01A-11D-A39H-05","TCGA-DX-A23V-01A-11D-A29O-05","TCGA-IF-A4AK-01A-21D-A24W-05","TCGA-DX-A3U6-01A-11D-A29O-05","TCGA-X2-A95T-01A-11D-A37D-05","TCGA-DX-A6YS-01A-12D-A357-05","TCGA-QQ-A5VC-01A-31D-A32T-05","TCGA-3B-A9HU-01A-11D-A39H-05","TCGA-MJ-A850-01A-11D-A357-05","TCGA-MJ-A68J-01A-11D-A308-05","TCGA-IE-A6BZ-01A-11D-A308-05","TCGA-SI-AA8B-01A-11D-A388-05","TCGA-DX-A1L4-01A-12D-A26S-05","TCGA-QQ-A5VA-01A-12D-A32T-05","TCGA-LI-A9QH-01A-11D-A37D-05","TCGA-K1-A6RT-01A-32D-A33F-05","TCGA-DX-A8BG-01A-12D-A418-05","TCGA-FX-A76Y-01A-11D-A357-05","TCGA-DX-AB2O-01A-12D-A39H-05","TCGA-DX-A6B9-01A-12D-A32T-05","TCGA-K1-A6RV-01A-11D-A32T-05","TCGA-X6-A8C2-01A-11D-A36K-05","TCGA-3B-A9HL-01A-11D-A388-05","TCGA-SI-AA8C-01A-11D-A388-05","TCGA-DX-A1L0-01A-11D-A24W-05","TCGA-DX-AB2L-01A-32D-A418-05","TCGA-K1-A42W-01A-11D-A24W-05","TCGA-3B-A9HY-01A-11D-A39H-05","TCGA-DX-A7ER-01A-11D-A36K-05","TCGA-WK-A8XT-01A-11D-A37D-05","TCGA-IE-A4EK-01A-11D-A24W-05","TCGA-PC-A5DK-01A-11D-A27Y-05","TCGA-FX-A3NJ-01A-11D-A21R-05","TCGA-Z4-A9VC-01A-11D-A37D-05","TCGA-DX-AB30-01A-11D-A39H-05","TCGA-JV-A5VF-01A-11D-A29O-05","TCGA-3B-A9HT-01A-11D-A39H-05","TCGA-HB-A3YV-01A-11D-A24W-05","TCGA-DX-A8BR-01A-11D-A418-05","TCGA-DX-AB2J-01A-11D-A388-05","TCGA-N1-A6IA-01A-12D-A32T-05","TCGA-IE-A3OV-01A-11D-A22B-05","TCGA-DX-A8BV-01A-11D-A37D-05","TCGA-DX-AB2X-01A-11D-A388-05","TCGA-DX-A3U8-01A-11D-A29O-05","TCGA-DX-AB2E-01A-11D-A39H-05","TCGA-MO-A47R-01A-11D-A24W-05","TCGA-DX-A1L2-01A-22D-A24W-05","TCGA-DX-A2J4-01A-32D-A21R-05","TCGA-VT-A80G-01A-11D-A36K-05","TCGA-IW-A3M5-01A-22D-A21R-05","TCGA-DX-A48V-01A-11D-A308-05","TCGA-DX-AB2P-01A-11D-A388-05","TCGA-DX-A3U7-01A-11D-A29O-05","TCGA-DX-A2J1-01A-11D-A21R-05","TCGA-DX-A8BO-01A-11D-A418-05","TCGA-QQ-A8VD-01A-42D-A39H-05","TCGA-QQ-A5VB-01A-11D-A36K-05","TCGA-KF-A41W-11A-11D-A24W-05","TCGA-VT-A80J-01A-11D-A36K-05","TCGA-DX-A8BQ-01A-11D-A37D-05","TCGA-MO-A47P-01A-11D-A24W-05","TCGA-K1-A42X-11A-11D-A24W-05","TCGA-IS-A3K6-01A-11D-A21R-05","TCGA-RN-AAAQ-01A-21D-A39H-05","TCGA-DX-A3M2-01A-21D-A22B-05","TCGA-KD-A5QU-01A-11D-A27Y-05","TCGA-Z4-AAPF-01A-11D-A39H-05","TCGA-DX-A6BA-01A-11D-A308-05","TCGA-DX-A6Z0-01A-13D-A36K-05","TCGA-DX-A8BM-01A-11D-A418-05","TCGA-3B-A9I1-01A-11D-A39H-05","TCGA-K1-A42X-01A-11D-A24W-05","TCGA-MB-A8JK-01A-11D-A36K-05","TCGA-3B-A9HO-01A-11D-A388-05","TCGA-WK-A8XS-01A-11D-A37D-05","TCGA-DX-A7EI-01A-11D-A33F-05","TCGA-DX-A6YV-01A-12D-A357-05","TCGA-PT-A8TR-01A-11D-A37D-05","TCGA-QC-A6FX-01A-11D-A32T-05","TCGA-DX-A1KU-01A-32D-A24W-05","TCGA-DX-A3UC-01A-11D-A308-05","TCGA-PC-A5DO-01A-11D-A26S-05","TCGA-WK-A8XZ-01A-11D-A37D-05","TCGA-QQ-A8VH-01A-11D-A37D-05","TCGA-DX-A7EU-01A-22D-A36K-05","TCGA-QQ-A8VB-01A-11D-A37D-05","TCGA-QQ-A5V9-01A-11D-A32T-05","TCGA-SI-A71O-06A-11D-A388-05","TCGA-DX-A6YX-01A-11D-A418-05","TCGA-DX-A1KZ-01A-11D-A24W-05","TCGA-SG-A6Z4-01A-22D-A33F-05","TCGA-X6-A8C5-01A-11D-A36K-05","TCGA-QQ-A8VG-01A-11D-A37D-05","TCGA-PC-A5DM-01A-11D-A27Y-05","TCGA-DX-AB3C-01A-11D-A418-05","TCGA-DX-A8BN-01A-11D-A37D-05","TCGA-IF-A4AJ-11A-12D-A24W-05","TCGA-K1-A6RU-01A-11D-A32T-05","TCGA-DX-AATS-01A-12D-A418-05","TCGA-DX-A3LT-01A-12D-A21R-05","TCGA-SG-A6Z7-01A-12D-A32T-05","TCGA-DX-A8BZ-01A-11D-A37D-05","TCGA-IW-A3M4-01A-11D-A21R-05","TCGA-PC-A5DL-01A-11D-A26S-05","TCGA-DX-AB2T-01A-11D-A388-05","TCGA-DX-A3U5-01A-11D-A22B-05","TCGA-DX-AB37-01A-11D-A418-05","TCGA-HB-A2OT-01A-11D-A21R-05","TCGA-X6-A8C3-01A-11D-A36K-05","TCGA-DX-AB2G-01A-11D-A39H-05","TCGA-DX-A8BP-01A-11D-A37D-05","TCGA-RN-A68Q-01A-11D-A308-05","TCGA-KD-A5QT-01A-11D-A27Y-05","TCGA-QQ-A5VD-01A-21D-A32T-05","TCGA-QC-AA9N-01A-11D-A39H-05","TCGA-HB-A5W3-01A-11D-A29O-05","TCGA-DX-A7EF-01A-11D-A33F-05","TCGA-X6-A7WA-01A-12D-A357-05","TCGA-DX-A8BT-01A-11D-A37D-05","TCGA-DX-AB35-01A-21D-A418-05","TCGA-DX-A6BH-01A-12D-A308-05","TCGA-DX-A48R-01A-11D-A308-05","TCGA-DX-A3UD-01A-11D-A308-05","TCGA-DX-A48N-01A-11D-A308-05","TCGA-DX-A23T-01A-11D-A26S-05","TCGA-DX-A48U-01A-11D-A308-05","TCGA-LI-A67I-01A-31D-A308-05","TCGA-WK-A8XQ-01A-11D-A37D-05","TCGA-IS-A3KA-01A-11D-A21R-05","TCGA-X6-A7W8-01A-21D-A357-05","TCGA-3R-A8YX-01A-11D-A37D-05","TCGA-DX-A1KX-01A-22D-A24W-05","TCGA-DX-AB3B-01A-11D-A418-05","TCGA-X6-A8C6-01A-11D-A36K-05","TCGA-FX-A8OO-01A-11D-A36K-05","TCGA-X6-A8C7-01A-11D-A36K-05","TCGA-DX-A23Y-01A-11D-A27Y-05","TCGA-X9-A971-01A-11D-A388-05","TCGA-DX-A8BU-01A-11D-A37D-05","TCGA-K1-A3PO-01A-11D-A21R-05","TCGA-FX-A48G-01A-11D-A24W-05","TCGA-X6-A7WD-01A-21D-A357-05","TCGA-SI-A71Q-01A-12D-A33F-05","TCGA-IE-A4EJ-01A-11D-A24W-05","TCGA-DX-A48J-01A-21D-A308-05","TCGA-IW-A3M6-01A-11D-A21R-05","TCGA-WK-A8XO-01A-11D-A37D-05","TCGA-3B-A9HZ-01A-11D-A39H-05","TCGA-DX-AB2V-01A-11D-A418-05","TCGA-FX-A48G-11A-12D-A24W-05"
"LMC1",0,0,0,0.0980916057851929,0,0,0.00358005812393119,0.513679943942903,0.142590340584806,0,0.0250870490430969,0,0,0,0.00591904919842227,0,0,0.0474054753451457,0,0,0,0.0706840491609665,0,0,0,0.0159923087307912,0.478562079666944,0,0.0159438787542381,0.538057922434286,0,0,0.0518600144078673,0,0,0.219079466350721,0.0847012458433866,0.00124230741380303,0.20700095528305,0.0474374203771024,0,0,0.00709287266061192,0.344280999294502,0,0,0,0.0291435310182602,0,0,0,0,0,0.608932165337413,0,0.000711286909189643,0,0.0252509128287559,0,0,0.0656802106641581,0.0139526259342335,0,0.0345059678126139,0,0.00174151361335947,0.0729812108568908,0.85248361005654,0,0,0,0.0515156019499635,0,0.0033347525152269,0.516892180442794,0,0.110338306397196,0.208269078409435,0,0,0,0.00113121494617693,0,0.0478941661346526,0,0,0.23708439806962,0.13303561986747,0.119677895500978,0,0,0,0.0542186183876235,0.00991123964104533,0,0.0432488912204348,0,0.178880613566446,0.0393884259862299,0.0395571131210638,0,0,0,0.0265942921467837,0,0,0.0127626380527934,0,0,0.00444260455713523,0.00852595482879521,0,0.0269657988996404,0.0356980704423307,0.379823722814994,0,0,0,0,0.0389500423313479,0.0326336534247501,0.024188563932253,0.646197949174283,0,0,0,0.00281614057234991,0,0,0.00372975039504733,0.00175564660041749,0,0,0.0131162670654008,0,0.516569621520617,0,0.26955916685107,0,0.0222707856113692,0.00687813214613559,0.013509373806244,0,0,0.0211223021058152,0.0244229011047259,0,0.0349302514496317,0,0.0114668012362672,0,0,0,0,0,0.00229055089352288,0,0.189898084828254,0.13936418552344,0,0,0.0157143277685114,0,0,0.102758234600301,0.0396839743953338,0.0280336379053649,0.0291325491252581,0,0.0240840611894259,0,0,0.0066627364413519,0,0.0474286472834441,0,0.320083284388041,0,0,0.148395953472837,0.41730829053819,0.466093482248926,0,0.00508904085915696,0.341827602523633,0,0,0,0,0.572546649679947,0.85477500094622,0,0.0104707181807083,0.0207825238448083,0,0,0.162249701182855,0,0,0,0,0,0,0,0,0,0.0267184398793668,0.00197425326733964,0.00443934661159503,0,0,0,0,0,0,0.0581833532187429,0,0,0,0,0,0.663281715308521,0.017187132792597,0.00180557869927977,0.0202205113518471,0.000549952045164027,0,0,0,0,0.0295051702167429,0.575417004444951,0.0219670957186846,0,0.128925842626447,0,0,0,0,0,0.0234935523956184,0,0.0259356091230994,0.0244774240838876,0.00357368271118528,0,0.0176478264012039,0.0832049872883519,0,0.00762114934542938,0.0158704704836601,0,0,0,0,0,0,0,0.0684796985800636,0.509304941175921,0,0,0.0131992185636969,0.0354122701980834,0.265611292334732,0.0278533652516756,0,0,0.176548734750538
"LMC2",0,0.419326704118609,0.0434132276474709,0.273012867446755,0.0516379961376946,0.359451330866632,0,0,0,0,0,0,0,0.0415716133169368,0.042617489851895,0,0.0935474960189638,0,0.0121127999118616,0,0.369561454155817,0,0,0.000261264990029382,0.477687487053211,0,0.0379269819775274,0,0,0.0151481709843336,0,0.154118714446853,0,0,0,0.233017033351968,0.00231012981428043,0,0,0.321030209488556,0.0300123199922881,0.102468604316864,0.0258964101946908,0,0,0.07626504325613,0.43163213963404,0.0223856404417325,0.108030781518055,0.321551447243129,0,0,0.0299494156279083,0.00741335022703327,0.150615934296939,0.0598824518977707,0.0939828506234747,0.0787685593180404,0,0.108258181778565,0.141336896025197,0,0.377804259325018,0,0,0,0.135388776591093,0,0.373401730649261,0.0857166483570226,0.150797455359685,0.0196548780809108,0,0.122431940502017,0,0.538264773253857,0.107098972503206,0,0.207223893125842,0.421981034812729,0.0167331339343676,0,0,0,0.00631820015644211,0.0956271772764358,0,0,0.14541579067826,0.246597050327317,0.00833037910434498,0.0213137568238266,0.180021699219119,0.116778663658278,0,0.000267640582795413,0,0,0,0.0320129740187366,0.0430958370232669,0,0,0.0450089536769506,0,0,0,0.0613376991710569,0.0277691192857466,0.0172584920312353,0,0.543464038899698,0.0495272464996743,0,0,0.310971035505501,0,0.157547820684658,0.117690359636464,0,0,0.00696169523979074,0.0273596982531228,0,0.170046712185356,0,0,0,0,0.651200747376926,0.0479940219019628,0.0279058312770557,0.0823588845723422,0.0151874431080794,0,0,0.103755486787038,0,0.476859872256825,0.532793432962051,0,0,0,0.0538999620128589,0,0.0223420594239146,0,0,0,0.00123086096549104,0,0,0,0.241091672921552,0,0,0,0,0.316716433679282,0,0,0.000799166314015995,0,0.0816688276448559,0,0,0.0619761856428488,0.626100866504749,0.0786678984321574,0,0.487497550590775,0,0.038036922717157,0,0.330947984458298,0.322747852962955,0,0.0115666442313516,0,0,0,0,0.0292393675235066,0.04587295932388,0.134606729762344,0,0,0.104680413399724,0,0,0,0,0,0,0.0620462190339371,0,0,0,0.183443088861836,0,0,0,0.0690030717611464,0.0214050768083173,0,0.00994094311528029,0.217928550248189,0.105053537083425,0.0488021278677286,0.304385831442105,0.0451769951084486,0.0388695362617315,0.245676379941196,0.0235250001466585,0,0,0.0451297214971646,0.316631562225374,0.249205977817988,0,0.138197623134695,0,0,0,0.00583183736516374,0,0.186676292080079,0.00463749205577361,0.0300143126018409,0.0500363984444853,0,0,0.0386716693079788,0,0,0.20641544870894,0.024355046185751,0,0,0.183712280739748,0,0,0.0130820551860098,0.0179772593102782,0.0303903293520384,0.125880543461202,0,0.058972507680683,0.253988467588012,0.0984995368562493,0,0.0532512266474789,0.101061776694669,0,0.0422851263220432,0,0,0.175031239954807,0,0.0149663621381982,0,0,0,0,0.05565385919408,0,0,0,0
"LMC3",0.306125247550333,0,0,0.0650673063790766,0.251318577527193,0.104391812671705,0.00917856227817757,0.263989676260457,0.0508253507026151,0.119166131330746,0,0,0.157418400543378,0,0.0224160680115545,0,0,0.121530380121842,0.0128327226506394,0.0609942036585837,0.054239019997884,0,0,0,0,0,0,0.120076484345689,0.107918380198017,0,0,0,0.0520669778780519,0.129664818567191,0,0.351571284153497,0.017447024380422,0.0142622781623697,0.123372656387701,0.365714991253946,0,0.00454258981701448,0.111566830332937,0.0419085466073846,0,0,0.147389933032194,0.192752446402247,0,0.0648292107735103,0.0503298776622175,0,0,0,0.0127462581167587,0.0608750856178338,0.0566082413249076,0.00808979399868464,0.0249832561052345,0,0.217508184915314,0.0442858931178232,0.02388499149039,0.14235918140267,0,0.0408447281797064,0.183921581446216,0,0.243322953022098,0.138386242153451,0,0,0,0.112123875509753,0.0095704463615376,0.00078926669748148,0,0,0.0455021710859023,0.0350858445176591,0,0,0.11850382352981,0.0296272477367906,0,0.0393034328095397,0,0.000559165342243838,0,0.293733220927681,0.106589377286452,0.0304160150049597,0,0.16917972509387,0,0.130917554064771,0,0,0.00124210283380346,0,0.00859432869005564,0,0.0872459398137351,0.0165562874481457,0,0,0.0561846786066128,0,0,0,0.0331710886973441,0.0122341479130973,0.195338492939614,0.228283330011115,0,0.367247986387879,0.113078825272246,0,0.063507763091077,0.174779947628568,0.190212331302574,0.0674761978415031,0.0770789078638592,0.260267763186652,0.038625473802023,0,0.0721092146848054,0.302508550639789,0.095133812414199,0,0.178237943276995,0.0577725528854964,0,0.046637740763291,0,0.175967542114745,0,0.235465875319025,0,0,0.148539211511963,0.0844864987023759,0,0.36525772287284,0.080968699971918,0.280342312496819,0.0673419066790019,0.0759493550697176,0,0.0442513433274637,0.168915023935637,0.0652892298774141,0,0.123735691070614,0.112158888631442,0,0.164690215713488,0.0835506362033842,0.132301609154551,0.0439225464991508,0.111042139870067,0.137915642530904,0.0549129961883706,0,0,0.055795676695813,0.211970047414554,0,0,0.0101599040065261,0.132597318199618,0.0658814169350747,0.176329516493849,0.186289575928732,0.386407566815782,0,0.238574656326778,0.0970484926219282,0.0298036039113864,0.0572308580489305,0.239391343135431,0,0.119367727768177,0.113857354177263,0,0.059834886798974,0.0189955987399698,0,0.0969528642091,0,0,0.264059527675347,0.0675229094047152,0.0797657275357801,0.279505515829563,0,0,0.137382346364823,0.0159472049881831,0,0.0511511315093709,0,0,0,0.0134555398786724,0.0120252447388663,0.017576502551385,0.0497491715160346,0.0883900974647254,0.0617938447889912,0,0.133337338898002,0.0552277018277141,0,0.0636820983903976,0.253548511521053,0.108907126403325,0,0.0398460507418717,0.0135103017522145,0.0980140768059715,0.12337605850263,0.123224880746598,0.0933617704882268,0.0606026370018643,0.0252156736786591,0.0696460582704138,0,0.161591116252229,0.0575494253416905,0.199930269353957,0,0.24691091641409,0.13695173728466,0,0.0907373271265645,0.0512675613423869,0.229888519374197,0.140111384398675,0.127168891655029,0,0,0.110437311269002,0.0908699932933395,0,0.0380877976473218,0.0337492736369898,0,0.0105963589290443,0,0.18997663985021,0,0.091955714100677,0.0144368828681067,0.0889501777328839,0,0,0.075731024768887,0.16669860025805,0.0495080776186183,0.0653665527572806,0.0199151324091544,0.0689990891213436,0.127238733035799,0.194371426113724,0.111308839863047,0,0.194299472305031,0.136005316681224
"LMC4",0.01818026424428,0,0.0278320384531178,0,0.0230980538650431,0,0.00310283092828966,0,0.127983982392104,0,0,0,0,0.0208728319655444,0,0.658085711817881,0.0505264919243445,0.104967139509336,0,0,0.00210329913436886,0.0748749160979894,0.138876986168515,0,0.013878441065116,0,0,0,0.409282072196951,0,0.332553373647474,0.0433105035795469,0.181082512183462,0.0115355197053458,0.412010880412452,0,0.248110437446478,0.0148740292074719,0.0423719734686468,0,0.0149645437066854,0.0144143499729272,0,0,0.154364700479625,0,0,0,0,0,0,0,0.0245284648020327,0.0874616370800857,0,0,0,0,0,0.0555520170744056,0,0,0.0727156649971187,0,0.385476187290804,0,0,0,0,0.0478842238749135,0,0,0.258004528579463,0,0,0,0,0.0531365906519231,0.0320948076567262,0.0121759036180309,0.0178183134107296,0.0637583633452945,0.55429868731357,0.256546921591762,0,0,0,0,0.07564583596996,0,0.657960489111882,0.0245004384887546,0.0212856410682852,0.0215471039652054,0,0,0.360235520451668,0.0069099444415816,0.0757325871553187,0.278073109317703,0,0,0,0,0,0.0490694297884396,0,0,0.115038790535508,0,0,0.0130797894866687,0,0,0,0,0,0.0149301196376305,0,0,0.140452976781197,0,0,0,0,0.0930140976120546,0,0,0,0,0,0,0.0124987124262821,0.018397521203792,0.0175516865029865,0,0.0250734371549296,0.0266144519552232,0,0,0,0.00889538126281927,0.0177921644800931,0,0.0711362291026863,0.220321803933937,0,0,0.071854107964886,0,0,0.0107190175454582,0,0,0,0,0.0106353350233326,0,0,0.380605260314237,0,0,0,0,0.0659081540296759,0,0,0,0,0.0316134034837453,0,0.471562795679937,0,0.0214141909517447,0,0.0131382000862187,0,0,0.00754129027818749,0.0669913596736417,0,0,0.0535348953091399,0,0.178420803601483,0.000447574121223535,0.0941517780768011,0.0350142166240081,0,0,0,0.0481032272343594,0,0.0829586739517698,0,0,0,0,0.00251160694505953,0,0.0381330951985997,0.038190172449832,0,0.00607384383720038,0.0137576630995438,0,0.00696969761192577,0,0,0,0.16016226168015,0.0285410046471538,0.0104175672949574,0,0,0.0512462756304833,0,0.043465606181482,0.0155748782123007,0,0,0,0,0,0,0.0487003817944565,0,0,0.0153455847019384,0,0,0,0.120273527254537,0,0.0468685202329363,0,0.168869218479886,0,0,0,0.302617185689165,0.286660036885928,0,0,0.0757816156717992,0.00135272953624415,0,0.106593488721876,0.00105964791255786,0,0,0.040230872630443,0,0,0.0244057443171658,0.0221342762599907,0.372854636478655,0.0180993200739179,0.00631223864500895,0,0.501076952905265,0,0,0,0,0,0.186622089988472,0,0
"LMC5",0,0,0.16125306496012,0.131201831950243,0.0465658408964384,0.204589848214052,0.694306326010328,0,0.0667138097362,0.406564879923371,0,0.0464814210541867,0,0.542723509791317,0.46418162163815,0.00313744762446916,0,0.27819625925978,0.149841838227417,0,0.190758586553375,0.014001806178827,0.202935786952889,0,0.00972174558674295,0.110946936141083,0.118714181332276,0.18802609822463,0,0,0,0.0555494443920728,0,0.515112179820752,0.0978217503705807,0,0,0.585749771681242,0.279055027827732,0.0595605939575743,0.0670171608004215,0.364080149757558,0.119943769678704,0,0.188520576620223,0,0.120245192318572,0.329849390553753,0,0.0155473533573689,0.129253682517026,0.0281079433237639,0.557503432623988,0,0.382780946799886,0.159500126720076,0.207451770306707,0,0.312848829291473,0.220780021345644,0.14222373046168,0.690454371648471,0.240169292670793,0.387294446940967,0.121510386271223,0.612540424638921,0.374189747298647,0,0,0.238151528926145,0.0761040945661418,0,0.127661258822734,0.269375217250079,0.0293584190630366,0.0146907184340844,0.136014097113019,0.0592070177321861,0.344329465007839,0.161592638707906,0.25972063602422,0.25350626639784,0.00316936258265687,0,0.403823084735375,0.0462738311167427,0,0,0.26979204902614,0.104412044796109,0,0.193828175864114,0.0251383340656822,0.0966556006399649,0,0.389158615608358,0,0.012821010162757,0.0665884553397031,0,0.435750130938324,0,0.228652195104418,0.0215645420474972,0.140611535089352,0.0613574641865544,0.0383066883995909,0.067298907398242,0.0562315627152921,0,0,0.080605216444792,0.448363626287798,0.17101327813925,0,0.00394465032021975,0.0198977874475711,0.496345275950755,0.271496593572419,0.362284006351307,0,0.640200859955542,0.0163822871960267,0,0,0.279351911149639,0.0458666762961668,0.246491500508485,0,0,0.638527909758901,0.436713568121052,0,0.587194825001846,0.466637471983436,0.0285760925669623,0,0.102160254433721,0.169784503072719,0.0320216306766735,0.109133740978306,0.0506153004581375,0,0.167168249015167,0.0928383109699622,0.0120318881038764,0,0,0,0.119294423571244,0,0.131848197395265,0,0,0.529787204726913,0.0298479087875872,0.28452600254825,0.066887197857559,0,0.104155272051047,0.162789525214319,0,0.475025255866797,0.26182438413276,0,0.242318277545104,0.467819793819074,0,0.0371773178086799,0.0182986867367654,0.0798789019145822,0.0236044077581693,0.522125631609549,0.288520027929518,0,0.323381369434554,0.123160611879701,0.442019925469159,0.544005372993227,0.310302122439036,0.0461371452769467,0.131578215304926,0.369943645428377,0.557407405731491,0,0,0.00798219527726706,0.138841595477144,0.0828725249613635,0.0356403334544803,0,0.152289507799385,0.425495383112407,0,0,0,0,0.167461187435113,0.386429646223693,0,0.0618157310755189,0,0.0641059266656334,0.225691968539768,0,0.282707980303522,0.413909402774399,0,0.298122555272354,0,0.146093034501506,0.517066611859423,0,0,0.238154647964309,0.291586992233086,0.205136923541377,0,0.168293276580977,0.000408194656004474,0.172284711182254,0,0.0363480445763725,0.169640182423805,0.298990688538791,0.315810985843354,0.440491843475448,0.223099177467292,0.118345473064445,0.39384902538079,0.478722435200737,0.000731810892872117,0.187982357809634,0.247759826562293,0.0995432137727415,0,0.101500194894077,0.192480538137657,0,0.104597367552967,0,0,0,0.596332734125608,0,0.0879210396783802,0.146368943236299,0.180978180560759,0.122697252409533,0.131535019321353,0.15213775432154,0,0.205537226917654,0,0.0316803075892094,0.249486781689657,0,0.0233801027689809,0.392936899610096,0,0,0,0.252154219317211,0.0224549477572423,0.038577466255411,0.290012828377075,0.316329444866307,0.0910782503944794,0.311697733497297
"LMC6",0.0901338710045535,0,0.439714342332456,0,0.0338994772240386,0,0,0,0,0.164312118887112,0.018941303223962,0.388588372139199,0.15776034379689,0.0421921422801094,0,0,0,0,0.40476693577818,0.400575082243879,0,0,0,0.240027832821885,0,0.398569173974516,0.00472451895490543,0.266946373272491,0,0,0,0.0440103046594357,0,0,0.00387868409535136,0.00674215804179977,0.0408360482783481,0.0325213673738481,0.0153894498890772,0,0.00892652254921978,0.0326354035778552,0.490653828958286,0,0.006467560138935,0.349441953755903,0,0.0906625990120364,0.146968071937849,0.0041018178752725,0,0.023636546387692,0.042561669112053,0.00224844528537572,0.0327901301426783,0.176105360003098,0.0325205116690725,0.541529096868988,0.108435160799505,0.0463840579309854,0,0.0066045409392698,0,0.260907575293998,0.068882522905216,0,0,0,0,0.0741886443702155,0,0.0140898783650352,0,0.17268192487636,0.0110435254017413,0,0.0629520370260858,0,0,0.0125034435832079,0.155727227066418,0.00335234822766088,0.0149654514439949,0,0.105375953884307,0,0.0202422361219072,0,0.0032061307449503,0,0,0.0834166473574497,0,0.227452858203545,0.163857331010943,0.104844366457463,0.0137852087836448,0.158666850698076,0,0.0313557459001133,0,0.0465163945925727,0.163160477891946,0,0,0,0,0,0.00190880989863134,0.0383605120434353,0.540223365515621,0.0478104920189671,0.086931369647179,0.246282816771927,0,0.0535816113341115,0,0,0,0.238645684921804,0,0.0183873447081993,0.00291248315045654,0.123796227519236,0,0,0.0253375578212245,0.0616487527685754,0.136904536353972,0,0.0265490976629006,0.0160054360495899,0.067877109724584,0.00494447295420254,0.0924454973277136,0,0.244274256789121,0,0,0,0.426456582668453,0,0.479153510504899,0,0.0491951917574781,0,0,0,0,0,0.0110498011645328,0.182673473746091,0,0,0,0.38373750956128,0.185933860349945,0.0342379002103213,0,0.0189182475216308,0.201838421620106,0.00110862541756451,0,0,0.173565646269632,0.210191218730185,0.0667862782822058,0.0508735203286748,0,0,0.0220839307733869,0,0.0792003641262693,0.0500931252583176,0,0,0.0197064758663742,0,0,0.0682484394695944,0,0,0,0.102843475476357,0,0,0,0.182358327849814,0.251717324481286,0.00454248420917206,0,0.000986258161686171,0.207925789755445,0.0235157095059292,0,0.0212515108181701,0,0.0938999271119449,0.0638519446737962,0,0.0134517219884609,0,0.0617009806322139,0.252531807779382,0,0.233990768625655,0,0,0.254591123321562,0,0,0.0244705948035525,0.0414351465109969,0,0.214586429622561,0,0.23722935528327,0.00425385008195759,0.18838986299064,0,0,0,0.00306153062490346,0.111267181138481,0.333859795468906,0.285786549641889,0,0,0.474746451828618,0,0,0,0,0.148194161612199,0,0.01751658466651,0.00316529762821819,0.205022225279964,0.483392516795638,0.217568029092427,0,0,0.477094768633084,0.0456959409807815,0,0.0158991685919874,0.136223004491742,0,0,0.101753955671434,0.161697691405001,0,0.191345199527915,0.0332527539027025,0,0.229464812431597,0,0,0,0,0,0,0.079133802278471,0,0,0.0129245644850499,0,0.26403110632762,0.0508825298577146
"LMC7",0,0,0.0427230436909037,0.0883391257918669,0.0918175891659132,0.0661871488343401,0.017633615695319,0.0176441037504114,0.0262909593099941,0.00825433036119749,0.00925321704700187,0.0602655143462915,0,0.0583727213731709,0,0.0919278037405925,0,0,0.132845569229991,0.21216213155307,0,0.0226068654180666,0,0.376339594790941,0.104918297516799,0,0,0.00451978733655753,0.0580760186767508,0,0,0.375134479390124,0.0662942004084917,0.0617603429325227,0,0,0,0.0292414132402135,0,0.0653123698246004,0.0293559097748276,0.00204352280394613,0,0.0227253947784083,0,0.168080612255735,0,0.0160282337251975,0.412453461981639,0,0.0409067119655776,0,0.0122162963697146,0,0,0,0.194268579842637,0.122656258073627,0.0250089886207075,0,0.0986098612003991,0.00350618767115754,0,0,0,0.0142200431439557,0,0.120413411585427,0.201064027991476,0.180826333133075,0.0156956420997141,0.690640744220301,0.0705048826279545,0,0,0.0745661366278001,0.337314278888168,0.0140477867736727,0.0961615316886635,0,0,0,0.00303598284366145,0,0.0892232802881142,0,0.00535236066510389,0.0714357539179762,0,0,0.0604883760849915,0,0.0386284253053517,0.02060070236377,0.140277566103388,0.0471613104524146,0.0199009570611161,0.267848048069993,0,0,0.000574028825735739,0.123620483292578,0,0,0.0952222220456514,0,0.00600513618070174,0.34694975329459,0.0226656070002312,0,0.188217212723017,0.0561435928828009,0.019007683436999,0.0538703667857547,0,0,0,0,0.0133548733941641,0,0.0255471902337789,0.0221608320440765,0,0,0.0241865714128229,0,0,0,0,0,0.00375364341694274,0.136395801373901,0.050053143203046,0.0168937084165315,0,0,0,0.0171782925566377,0.0225124341301684,0,0.0426837105198605,0.662610478338741,0.116124757624916,0.0247034252492747,0.0251453934573215,0.03850565511943,0.00178936839060785,0,0.00275947373799063,0.00208112879100393,0.0102810177398579,0.202829975552658,0.729647984709766,0.182785627018501,0.0342629812852429,0.0108898347227717,0,0.199058668717765,0.00667159108729633,0,0,0,0.06254653152383,0.0936684282367514,0.185754823721009,0,0.0117934478240352,0.0190809852002051,0.421131250772238,0,0,0,0.00705352759732058,0,0.0651479044718405,0.0648153367960284,0.0454956342128304,0.00275113173267846,0,0.0952819519755963,0.0737682778249581,0,0.0601461561311432,0,0,0.0882854141130981,0.0387329216083522,0.0342539078728232,0,0,0.119435792158626,0,0,0,0.304075320792393,0,0.163608873468591,0,0.129867315452163,0,0,0.0248955654573588,0.354949742279999,0.0437609760631108,0.484402661149637,0.0202916961749232,0.0242405394606383,0,0,0.0374822805685295,0,0.0485055721352908,0,0,0,0.0121996474858558,0,0.11212504881889,0.0155128045285683,0.68258966421825,0,0.0816895986068069,0,0,0,0,0,0.0100723760740408,0.015114894302085,0.0261279761732131,0.00595113169357142,0,0.0673660960678265,0,0,0.0113753542556034,0,0,0,0.0248966071837508,0,0,0.069803185800497,0.00170298828406652,0,0.109334531292621,0.448748521098535,0.0695562996387626,0.0408565430242738,0.0205904258350094,0.0250335831559276,0,0.0348180199275045,0.0156283785537248,0,0,0,0.0331592311776327,0.0525253699980247,0.103172195774508,0.0135036178223262,0.686127038025544,0,0.0172936702460758,0.00547583247646556,0,0,0,0.0279213706686462
"LMC8",0,0,0.0593384674571921,0.0534702555434948,0,0.115211554094477,0.0109722121411764,0,0,0,0.0287831787001247,0.0353641255611711,0.0597997400606191,0.088832235215138,0,0,0.69418179172436,0.103347248777286,0.00482860831644742,0.0301722343335725,0,0.0353756412344492,0.132423280123314,0.018177417119384,0,0,0.0603985078951225,0.025111877890922,0.116713620747837,0.195687867016533,0.249765068171315,0,0.025602683530738,0.104442842615033,0,0,0,0.0114604502047978,0,0,0.0869652192496443,0.0390495998115663,0,0.373790255822756,0.110275328902159,0.158351203032018,0.0303286753313546,0.0124022409960347,0.0710160729564043,0,0.112904514094243,0.00786933643669517,0.0195195962349071,0.0849183170628006,0,0.0163464118642982,0.0858052951991827,0.113149079781442,0.0582284972674783,0,0.142404222873004,0.0118022936904177,0.176231396428942,0,0,0.0286686023095603,0.0383436824722226,0,0.0737334463615005,0,0,0,0.0124512158620531,0,0.0298156427738852,0,0,0.0707615115984034,0.03950173274219,0,0.0391436462514454,0,0,0,0.0949859528624944,0,0.572650826209968,0.40034870144151,0.259306741802353,0,0,0,0.273652963631367,0.0288981593339937,0.122070248878393,0.017175683696124,0.0174215417773743,0.134571228396139,0.0315619890371332,0.018926650580833,0.00647397622771889,0.07352208067742,0,0.0203814208311754,0,0,0.041062663604062,0,0.00515153317062872,0.000670557388549585,0.00877950655412223,0.0294628018669667,0,0.00171190317486818,0.0724608857821757,0,0,0.0385875470540902,0.00167872811080685,0,0,0.0325589271050155,0,0,0.0417782683994973,0.083182709609623,0,0,0,0.0129030346944864,0,0.052884619868918,0,0.00976287280836433,0,0,0,0.0213495456632461,0.0283801512673536,0.0269545601402622,0.00884217290474836,0,0.147516958187201,0,0,0.0963089245624587,0.0144572612348568,0,0.0628865882509061,0,0,0,0.00288545928791995,0.348660272846621,0.130839605950209,0,0,0,0.211456575731673,0,0,0,0.121214452607881,0.0500493493692863,0.155911362925393,0.00992003540215092,0,0.0409621318266787,0.0361193522372691,0.0301112799570742,0.0221491514575402,0,0.00285943076986714,0,0,0.0644611870230345,0,0,0,0,0,0,0.150118473654777,0.00797793587681337,0.30779820647559,0,0,0,0,0,0,0,0,0.215623965111519,0.0408064268814415,0,0,0,0.0592293265055687,0,0,0,0,0,0.0611907617079305,0.0425819285389209,0,0,0.0132902751132762,0.0352451707374797,0.0415406166759259,0.0816372719985617,0.0559672718385465,0.0223181632792237,0,0,0,0.0482111639067502,0.0506025906539837,0.0405221296669647,0,0.0737049175780858,0,0,0,0,0.0162529122106375,0,0.0492833991129562,0.0761069461502194,0.00391773443929786,0,0.0293195729341772,0,0,0,0,0,0,0,0.187877326398379,0.15746091856973,0,0.0102896779146171,0.0684708049312371,0.172930473614395,0,0.218970124769875,0,0.0404080172767097,0.0727984515906924,0,0.0486270946821161,0.0178852416045796,0,0,0.164880678520776,0.0617079509037372,0.0318258496223352,0.106163303840622,0.0483414592258,0.0264151386842032,0.034889754115044,0.0093872861333896,0.0604019610059125,0,0,0,0
"LMC9",0.136918501797798,0,0,0.00247371694982481,0.00379735103242893,0,0.0642487475539933,0,0.153054133165678,0.0265178521548025,0.0757677056930877,0.25597766263645,0,0.0448057162137728,0,0.00746035195208322,0.0503172406720959,0.0420678132191417,0,0,0,0.139839553776075,0,0,0,0.260850736241896,0.0300916721503023,0.17363274174057,0,0.0403796037998933,0,0,0.0468409991274584,0.0316686463042148,0.0489165597934671,0.00670278231647089,0,0.0935919052194964,0.0397865966541337,0.00427039373245541,0,0.0307170807838616,0.116799692157335,0,0,0.0207301438828861,0.069332980620535,0.108925092800909,0.201716567334056,0.0403511596193961,0,0.206684553494633,0,0,0.0400105345685038,0.243239951228878,0.272489907291215,0.0156984755922836,0.136871938494475,0,0,0.0165974323367369,0,0.00298927909825723,0.0883354657170481,0.0472006837225637,0,0,0.0161867936437689,0.0797231260994406,0,0.0424706826888657,0.138635176775222,0,0.144989235439301,0,0,0.288118584609489,0.101689004435364,0.0790834286989331,0.0714726146295318,0.0679948848453147,0.137765635908857,0.144777572510074,0.0353431917003,0,0.00919968924169243,0.33244292284956,0,0,0,0,0,0.210231231410835,0.328016899850218,0.082915328693341,0.0823293725119825,0.112735579080535,0,0,0,0.674398796597229,0.0720435376508189,0.0227376236958124,0.700476995314669,0.0945090219229662,0.248242848209445,0.399466503367221,0.0224452415451778,0.15366117197887,0,0.00532315747509865,0.0810427156714623,0.00456541305486544,0.231525624427337,0,0.0115120126878562,0,0,0.104353582016961,0.105367681543198,0.0166698923410245,0,0,0,0,0.0403359819183651,0.0682711591880012,0.0317440436852797,0.11078188843004,0,0.0691634256435018,0,0.0482115373183127,0.0974127177714875,0,0.192541765385806,0,0,0.102673360759855,0.082467929853401,0.114582460447041,0.0624420747405248,0,0.170457164037161,0.0270840805343164,0.0460418352482757,0.0452304664191422,0.0360786735522889,0.113235247775508,0,0,0.123229107552372,0.053249903795688,0,0.32204699645457,0.104901428925157,0.316355075694029,0.111226792327001,0.191146128910676,0.0660956275481022,0.0587217432714634,0.0389468682583222,0.0494349024479174,0.0215384584125397,0,0,0.0941663476397408,0,0,0.092593410380495,0.199084652119653,0,0.0538091566391949,0.0520093321337597,0.0132244601165675,0,0.0404127122828477,0.0356831729631416,0.00378577556015322,0,0.157642393095428,0,0,0,0.0328256314114079,0.181172210262152,0.037430085643286,0,0.122196785496398,0,0.126642319251538,0.121466755051162,0,0.278276781193241,0.0769265820853404,0.666731821292177,0,0.0821067371720719,0,0.113337712037179,0.0232860546452163,0,0,0.416942261720717,0.0693436302314181,0.0148307542590678,0,0.108309715827496,0,0,0.00688941213697716,0,0,0.0178415939006636,0.104985470536082,0.143041842858234,0,0.00679361551988724,0.0866801083366086,0,0.0143859157551737,0.097192893860574,0.166917730833479,0.0885156542971661,0,0,0.0234139430275172,0,0.084709549524113,0,0.301918502099115,0.0827674016709355,0.368134100400017,0.169250423499812,0,0.0697953921919534,0.127188709644413,0,0.184490382554547,0,0,0.248772936623471,0,0,0,0.0346501707304272,0,0.0365929996497446,0.0253914443809132,0.0329311323994934,0,0,0,0.00238251848787318,0.165899057493005,0.22672263798428,0,0,0,0.043175397428839,0,0.00492609482585563,0,0.0956625356484765,0.227918844021251,0.0803224988268636,0.0861106696920718,0.0882200267606359
"LMC10",0.194156950756667,0.431350747625983,0.131946919748018,0.17996970908701,0.461877490694974,0.116888195182967,0.09005259152382,0,0,0,0.0778317872637665,0.192657261439662,0.166858616087702,0.160629229844011,0.255006730948709,0.0817185297075844,0.038901626079857,0.0156285718872129,0.190600180400405,0,0.0870439247133419,0.0340444526256032,0.0948057267550866,0,0.332391732999094,0.123828843011613,0.0265092202491764,0.175877968133818,0,0.00860447212456818,0,0.125999102208362,0.0159220350851446,0.100565351745512,0.0654769624010355,0.130420648339117,0,0.0960625618394519,0.0272406396420277,0,0.00459109721254858,0.00796798251952058,0.0499188187234571,0,0.0157840433216286,0.0242818043903053,0.143663004616227,0.0904174155609231,0,0.157939548379011,0.233526569215577,0.0401563830640165,0.0701015615667469,0.173520348691322,0.189297857753193,0.259699344924279,0,0.0745999678436066,0.282119399529381,0.133872177077179,0.192236893860248,0.0501436271971213,0.0737808973193379,0.0351754965223392,0,0.168089948104489,0.0187438373108166,0.0126351713871316,0.0922910483318959,0.100208981542404,0.0105405366706265,0.12163394535649,0.0377614281726329,0.246708717756049,0,0,0.0876688827831005,0.0138654114800756,0.130477276584733,0.0887298482133087,0.0951912868958266,0.0502748327584607,0,0,0.221504780718145,0.314832121333436,0,0,0,0.0712194513222707,0,0.20518003799422,0.00912956922512659,0,0.245777954157059,0.00437385816107972,0.0426617339963963,0.0678849356852164,0.0347526112488854,0.00151547226907353,0.146527313490403,0,0,0.000111426689629552,0.0300777775471846,0.124928732698628,0.0139550032198541,0.12494713676889,0.0509725050125446,0.0438494146771839,0,0.149065994884094,0.0236728467626196,0,0,0.100020640302066,0.685586002546079,0.213313217756568,0.214142392272796,0,0,0.0815621247798066,0,0,0.144780864179167,0.0471570248515143,0,0.0712507406361575,0.169394524571961,0.0293503334095827,0,0.164688392953856,0,0.0548026716952298,0.136106317149182,0,0.171253445129422,0,0.0355030502020834,0.0308222073965697,0.0563277237497587,0,0.139268871101788,0,0,0,0,0,0,0,0,0,0.0573825857539406,0.0504768323470233,0.0895536765480292,0.155255125899089,0.0348444421600199,0,0.0822628124967571,0,0,0.59382914658183,0.161756523651996,0.402697983510542,0.233269161075277,0.0551565921726608,0,0.103240970974388,0.0414942612622231,0.0586496764008005,0,0.0534718379402698,0.0017260774024178,0.259255866851663,0,0.157671065984086,0,0.29312863473873,0.233091398292206,0,0,0.0789984780904718,0.201159472576422,0.0425482480651481,0,0,0,0.183701112908891,0,0.0388908828137479,0,0,0.099726091077031,0,0,0.0648187774555582,0,0.345679084362767,0.030195055034207,0,0.0449543262511176,0.0813588353510459,0,0.0150559984242085,0.0102511124434994,0.0971009271278181,0.166470019484984,0.599712073261051,0.117573488980276,0,0.0415896478560035,0.0693555601110852,0.141283820070155,0,0.00711108854450441,0,0.0307413239325194,0.0757145214459392,0.119810328556371,0,0.232418213946356,0.00219495982475262,0,0,0.146558088937419,0.0961680913938902,0,0.402979021014955,0.0354999342583841,0.282595318682919,0,0,0.0261687358646288,0.000222506338324169,0.0288350949531448,0.2663414415761,0.0112742568464073,0.200478970430416,0,0,0,0.163087670974089,0,0,0.014264373716474,0,0,0.153707122637559,0.251223502001625,0.521936240117168,0,0,0.043171215319276,0.0382028469640313,0,0.290817003231693,0.169193907998035,0,0,0,0.139493168894007,0,0.142060514936855,0,0.134924013447692,0.229699420226918,0.0300819113460374,0.276059333952337,0
"LMC11",0.233823963048239,0.140178397635398,0.0600266653959217,0,0.000222508539183857,0.033280110135827,0.041858936591506,0.059631878262935,0,0.210031365617979,0,0,0.45816289951141,0,0.136260522488422,0.0866764619981942,0,0.0166152977614189,0.071178157251302,0.07445756458252,0.244245289361834,0,0.0434358112412893,0.312308850061585,0,0,0.0640413532493658,0,0.257770887373876,0,0.113119498094353,0.194588692710884,0.0366243445581935,0,0,0,0,0.0294550157364966,0,0,0.100320818629274,0.402080716638886,0,0.154392467103004,0.0181970611086995,0.202849239427023,0.0574080744470769,0,0,0.384751059051141,0.432425397000455,0,0.208885848509139,0,0.191758338322041,0,0,0,0.0252311052238138,0.435153544793221,0,0.0716296883552261,0.0226573239912094,0.032244600879379,0,0.0677369640923934,0.0869337770362743,0.0144678069709016,0,0.0549142715433324,0.680476656787505,0,0,0,0,0.337961158345194,0,0,0,0.173833695640437,0.315614128168863,0,0,0,0.0434255556548218,0.436076096493836,0,0,0.04170352462004,0.165103090726487,0.0414342204942926,0.356822035232433,0.375416198729969,0,0,0.057152467170888,0,0,0.0468736122354272,0,0.347416971076342,0.0819422448401997,0.442865771549676,0.0650641753398858,0,0,0,0,0.00898821522759436,0,0.11079579230057,0.0295095168582222,0,0.0255865713226636,0,0.0424996262612733,0.0410172194901393,0.0731206251729313,0.295802808384191,0,0,0.0056434220063304,0.0261393605783825,0.552768510746748,0.580582110021134,0.00552050983968482,0,0.144369611653015,0.566823082974588,0.192034245693917,0.0508080900784944,0,0.787212150073746,0.115938352390687,0.158191871777887,0.104239477201254,0.263101608753683,0,0.26695998907085,0.252464022453219,0,0.0209893517337024,0.0377016633605775,0.286550227692029,0,0,0.01282785051459,0,0,0,0.0712482374732898,0.104490524342889,0.0557005385714983,0,0.0821209301267533,0,0.193006342124279,0,0,0.012907236108678,0.399653602120376,0.171062463442694,0.0855973719028035,0,0,0.288192343297359,0,0.0191103666794948,0.158892584049555,0.0147152888133847,0.163199736683603,0,0.0863062445590353,0.0701934893402247,0,0,0,0.0166030498380723,0.115749034193444,0,0,0,0,0.0939057375160181,0.0373466576369495,0.0551943186052288,0,0.28372034022431,0.47058986894393,0,0.0257892068951541,0.398225730294081,0,0,0,0.837003129640931,0,0.247752085154024,0.0464180741434212,0.1356561099957,0,0,0.154628552196197,0.357442591049419,0,0.232016881143596,0.027035959489312,0.242545472733574,0,0.552077235903802,0.0134004679565015,0,0.414544588151445,0.263143892453854,0.412526545426469,0.0475044175335724,0.190476756930609,0.368591662676483,0.145970614397413,0.120989646100908,0.353081170144985,0,0.00728216904093052,0.457007556416728,0,0.144618905679847,0.247228318693135,0.277011195218083,0.0640348409919418,0,0.025827184961398,0,0.00490482297250944,0.0772765701526899,0,0.39197246017504,0,0.000871411233696228,0.133227796608786,0,0.0106507687478499,0,0,0.0868754892599209,0.0244118545267881,0.440166134902446,0,0.10145366843552,0.28298522848521,0,0.31715352203759,0.25761003180546,0.247109724974384,0.0738204925912465,0.00162912230220128,0,0,0.56947463272205,0.0485080214382961,0.154333048528045,0,0.208561689999925,0.396987306260074,0.0357495715473837,0,0,0,0.00509333889462533,0
"LMC12",0,0,0,0.0872689833789232,0.0357651149170928,0,0,0,0.248937574019156,0.0100197924981537,0,0,0,0,0,0,0,0.0658191250219954,0,0,0,0.0791895567826366,0.0287613605169487,0,0.0614022957790363,0.0898120019001004,0.17903148452438,0.0301194492115086,0,0.202121963640386,0,0,0,0.0363084633648622,0.158403518038807,0.00226693033078242,0.596525593036019,0.0375278624447277,0.125541828265895,0,0.617631027512373,0,0,0,0.267382082605786,0,0,0.0854702084591285,0,0,0,0.0422094205516437,0,0,0,0.0236399808345767,0,0.0202578556945719,0,0,0,0,0.00703812651933082,0,0.0121432871911832,0.00869132858868887,0,0,0,0,0,0.00970315638833086,0.35498150915994,0,0.20859449662957,0,0,0.279578915172014,0.00302011767273958,0,0.0285790136185977,0.431848289461419,0,0.45168210768124,0,0,0,0.020541352543384,0,0,0,0,0,0.00719843359463509,0,0.0184218236007123,0.463665665417818,0.0328116306639382,0.0732423374565314,0.598558934792477,0,0,0.00603207798940563,0,0,0.383778876789119,0.580265990998287,0,0.562088142561117,0.719030928355587,0,0.0333012512695938,0,0,0.316189766975493,0,0.0956479037554306,0,0,0.0200180163813643,0.505786166714502,0,0.0451917541284851,0,0,0.220279471515389,0.00964420865141436,0,0,0,0,0.0384703718266295,0,0.00202873052138425,0.018382854545346,0,0,0,0,0,0.056689499298503,0,0,0,0.309269258041294,0.278640374720522,0.000174592760752373,0,0.131073075335503,0.0456202626465237,0,0.0577863840677913,0,0,0,0,0.00208028864745661,0.0576675226295421,0,0.206397584118825,0,0.0114496978331317,0,0.0606561246578866,0,0,0,0,0,0.126141341584531,0,0.186394889566896,0,0,0,0.0405605275965554,0,0.0594406108485117,0,0.0952283192498668,0,0.165687431260248,0.00163095190698918,0.0114398995903428,0,0,0.578223840437257,0,0,0.226182864346254,0,0,0.0673923534185312,0.560379227803008,0.035289736269425,0,0,0,0,0.703896460490699,0.647583112550763,0.622685807851952,0,0,0,0,0.0258066308856956,0,0,0,0.19130944233421,0.0288172796485344,0,0,0.00634804667243608,0.0154490611651626,0.0355108838569189,0,0,0,0,0.0395682255277163,0.0470058727099575,0,0.0424229644955295,0,0,0,0,0.0290253603025703,0,0.0942811857028848,0.147408351164976,0,0.410271964068686,0,0.448461211127287,0,0,0,0.423577033078712,0.0293978061465292,0.0296985059023469,0,0.0749234363840248,0,0,0,0,0.0253634099231131,0,0,0.00616304326200075,0,0,0.0421980688940578,0.0663481390182555,0,0,0,0.189042850966483,0,0,0.00139808539168674,0.149321613523506,0.100282137774983,0.278020974743545,0,0
"LMC13",0.0199040136211858,0,0,0,0,0,0.0401089318080556,0.122553650181155,0.183603850089446,0,0.76433575902896,0,0,0,0.0303695968615773,0.0485297890342908,0,0.0917894067397946,0,0.100429967872148,0,0.529383158725386,0.358761048241957,0.0174352965424463,0,0,0,0.0156892198438133,0.0342951420523301,0,0.304562060086857,0,0.523706232820592,0.00894183494456686,0.213491644888306,0.0501996971156437,0,0.0467311435155754,0.089403577873133,0.0981900145871859,0.0095392903236528,0,0.0781277772939783,0,0.239008646822944,0,0,0,0,0.0109284037011722,0,0,0,0.0355057363159699,0,0,0.00927024464265563,0,0.0262728246679319,0,0,0.0406141150284926,0.0057180472578606,0.0907714672801463,0.323652150624526,0,0.0652730349151187,0,0,0,0.00805446390358034,0,0,0.0733435715905161,0,0,0,0.0130151035728008,0,0.0135323501377413,0,0.110645200025778,0.16826105637745,0.06947198434548,0,0.0678873409700094,0,0.0416364840378559,0.000314296612362472,0.0456599252655045,0.118239073679303,0.0683397957430635,0.0225085503674756,0.091546282094858,0,0.0944711864411956,0,0,0.596373305232233,0,0.00972089703100289,0,0,0,0,0.286356474614293,0.00321435272865322,0,0.126740473047528,0.0227263189680031,0.0632748442867602,0,0.069150219855013,0.215937308127518,0,0.0585628010692747,0,0,0.00143220506606735,0.0609687203686484,0,0.056834510704681,0.0843028738942947,0.0223247028343831,0,0.256994797067754,0,0.100306795251199,0,0,0.0283689585857367,0,0,0.0195740300321747,0,0.133955021909837,0,0.223547101501425,0,0,0.0619812963688711,0.00687028904608715,0,0.0770882932578906,0.179867450556365,0,0.0432946944784928,0,0.692584895990734,0.622022462837745,0.680114060584732,0,0,0,0.0162270867492519,0.0959320736811793,0.0193820845080721,0,0,0.0321655075048298,0.0348842841591551,0,0,0,0.000841368659218327,0.0596253673705674,0.120199953635171,0,0,0.658648922416418,0,0,0.0776945914478311,0.0504059563142764,0.0884336538731404,0,0.225618469304406,0,0.034126127368407,0.123795722934858,0.159881348518249,0,0.0148593097014681,0.0108248089811758,0,0.0238791312171362,0.080741455598201,0,0,0,0,0.00969342958360312,0,0,0,0,0,0.00782536957132798,0,0.134667656056537,0.0295731693889896,0.209583564244595,0.0125191838315134,0,0,0,0,0,0.0664812695409861,0.00901563655909274,0.360727533887254,0,0,0,0,0.0504883802955077,0,0.031006584663124,0,0,0.006004204785738,0.00179860889631323,0.648502589318832,0,0.0029978225433129,0,0,0.0587867951423395,0.0360239928855621,0,0.156808956205063,0.0260816703167464,0.00241728632597584,0,0.116304940846232,0,0.121311821304034,0.044069625899656,0.206744094800154,0.157566441221532,0.0145318760625237,0.363393567423724,0,0.0642880098048413,0.708183902706453,0.00842758127540253,0.0507475846820728,0,0,0.0269008012726213,0.0324007547558862,0,0,0.0182303766172914,0.0289555736003823,0,0,0,0.135393230178517,0,0,0.00344989656982143,7.30877249158035e-05,0.717284542485312,0,0,0.108623080228775,0.0611444157258395,0.153632754867505
"LMC14",0.00075718797694359,0.00914415062000979,0.0337522303147996,0.0211045976876117,0,0,0.0249571873454036,0.0225007476021378,0,0.0551335292266377,0,0.0206656428230398,0,0,0.0432289210012708,0.0224639041249052,0.072525353580379,0.112633282357047,0.0209931882337568,0.121208815756227,0.0520484260833789,0,0,0.035449743673729,0,0,0,0,0,0,0,0.00728875861272217,0,0,0,0,0.0100695212010658,0.00727989396050542,0.0508372947086035,0.0384840067785801,0.0306760902490647,0,0,0.0629023363939459,0,0,0,0.0219632010297778,0.0598150442719974,0,0.000653247544904321,0.651335816741556,0.0347337151535109,0,0,0,0.0476025991001488,0,0,0,0,0.0504092240810498,0,0.013751984769629,0,0.0102657636063615,0.0242243520727208,0,0,0,0.0583311506127471,0.0502911129501029,0,0,0.0497360538881344,0.0337279466415829,0.158613425289224,0,0,0.00148181207004668,0,0.017488599992056,0,0,0,0,0.155470489691708,0,0.0849377350449554,0.0732752166346306,0.00695808423873268,0.0161830974911793,0,0,0,0.00989127385042129,0,0.0268701592353179,0.0342445734747351,0,0.00184651669715035,0,0,0.78198127812412,0.0336114700031435,0,0,0,0,0,0.0470122350937702,0,0,0.017050942169707,0,0.0631716488196745,0.0332602488006775,0.00615539374336793,0.0208942764720145,0,0,0.0273556293417772,0.0744346857610897,0.0408427957129814,0,0.0144994783543408,0.803890220055674,0.00515288935477752,0,0,0.0240046887176493,0,0,0.0473098267207042,0.0132715829419611,0.0406922446865842,0,0.104125311719652,0,0,0,0.0374408662048516,0,0.0253321198999392,0,0,0.814072490693423,0.843889927061508,0.00276318516769202,0.0407974688487528,0.0583918591019495,0.244363197472434,0.0311543241245034,0,0.00504962598215881,0,0,0.0523449138591457,0,0.00978221697092564,0.0236963994678745,0.00939918683988531,0,0,0.0604527903069539,0.0391165143908268,0.0314206554767466,0.0173322617208115,0.226517335437877,0.0275774354113282,0,0,0.0020049568353519,0.020018610786329,0.0296249109637357,0,0.0273608680218697,0.0370287982367206,0,0.0307394971754854,0.0635135947062255,0,0,0.00823313440235456,0,0.739533043732931,0,0,0.09786741740432,0,0,0,0,0.016974172247186,0,0,0.0074096040563771,0,0,0.0257797734570632,0,0,0.283092542633297,0.0780377374985926,0,0,0.0585135033550364,0.000965492138575893,0,0,0,0.0225098174996872,0.0354475243649893,0.691012944120264,0.0397495494786585,0.114807890380454,0.00382606569658237,0,0,0.0552999552690502,0,0,0.0201948863292354,0,0,0.0831494599227398,0.0397045752702863,0,0,0,0.0993371179292324,0.00156982654343033,0.0238421664940469,0.0214610976498166,0,0.0156413834912418,0,0,0.0365242073967469,0,0.037252257627752,0,0.0251756274624909,0.0614904829426588,0,0,0.13186467572273,0.0265636202666143,0,0,0,0.648907868916618,0.0302109845938029,0.788543026898317,0.779711429648241,0,0,0.0434164976299874,0.0973200916696088,0.0625520709240876,0,0.0555311043113512,0.00757691285653302,0.0337808932050278,0,0,0,0.0221834127079955,0.0550915329164398
